{
  "Sun": {
    "angle": 2.869810242736152,
    "au": 1,
    "x": 1496,
    "y": 0,
    "z": 0
  },
  "Mercury": {
    "angle": 2521.166949888955,
    "au": 0.387,
    "x": -22.483956688088526,
    "y": 0,
    "z": 578.5152461220432
  },
  "Venus": {
    "angle": 987.992005227775,
    "au": 0.723,
    "x": 42.04700065941502,
    "y": 0,
    "z": 1080.7904123369835
  },
  "Earth": {
    "angle": 613.0164367728933,
    "au": 1,
    "x": -1374.4642425048062,
    "y": 0,
    "z": -590.6471417654448
  },
  "Mars": {
    "angle": 326.83911072559005,
    "au": 1.524,
    "x": 2265.241129987831,
    "y": 0,
    "z": 258.15668154718685
  },
  "Jupiter": {
    "angle": 52.97781385698072,
    "au": 5.203,
    "x": -7077.500944489772,
    "y": 0,
    "z": 3239.5646716943925
  },
  "Saturn": {
    "angle": 25.770090148190246,
    "au": 9.537,
    "x": 11466.330534352135,
    "y": 0,
    "z": 8490.029279624887
  },
  "Uranus": {
    "angle": 11.364892133966533,
    "au": 19.191,
    "x": 10363.622053130504,
    "y": 0,
    "z": -26773.947768858496
  },
  "Neptune": {
    "angle": 4.570442757882163,
    "au": 30.069,
    "x": -6363.778039889687,
    "y": 0,
    "z": -44530.80698228131
  }
}