{
  "Sun": {
    "angle": 2.869810242736152,
    "au": 1,
    "x": 1496,
    "y": 0,
    "z": 0
  },
  "Mercury": {
    "angle": 2978.6979343866465,
    "au": 0.387,
    "x": 516.6728082565116,
    "y": 0,
    "z": 261.21758652956356
  },
  "Venus": {
    "angle": 1166.5944618274625,
    "au": 0.723,
    "x": -525.3797315740057,
    "y": 0,
    "z": -945.4374666339522
  },
  "Earth": {
    "angle": 723.2648667726539,
    "au": 1,
    "x": 1145.5939432343346,
    "y": 0,
    "z": 962.0969375404997
  },
  "Mars": {
    "angle": 385.2707786259518,
    "au": 1.524,
    "x": -941.4610095299983,
    "y": 0,
    "z": 2076.4424905955752
  },
  "Jupiter": {
    "angle": 62.23868197701323,
    "au": 5.203,
    "x": 6454.017941405287,
    "y": 0,
    "z": -4351.028762644837
  },
  "Saturn": {
    "angle": 29.518536768164257,
    "au": 9.537,
    "x": -4577.229116637649,
    "y": 0,
    "z": -13513.190100997934
  },
  "Uranus": {
    "angle": 12.687873293971178,
    "au": 19.191,
    "x": 28498.077086607278,
    "y": 0,
    "z": 3479.733259243481
  },
  "Neptune": {
    "angle": 5.2319333378844854,
    "au": 30.069,
    "x": 22333.481167169735,
    "y": 0,
    "z": -39047.48468710694
  }
}