{
  "simulationTime": 1775815232248,
  "angles": {
    "Sun": 0,
    "Earth": 1.7102140573013982,
    "Moon": 3.134006779251442,
    "Jupiter": 1.3484516690614847,
    "Io": 3.0582664189519377,
    "Europa": 1.9729660273562648,
    "Ganymede": 0.9326336187095372,
    "Callisto": 6.1860667821914825,
    "Mars": 6.081218305150588,
    "Phobos": 4.25656560674129,
    "Deimos": 4.50737659061533,
    "Mercury": 0.27967599538485843,
    "Neptune": 1.001710000898792,
    "Triton": 4.974631951666261,
    "Saturn": 5.603952500606017,
    "Titan": 5.1116795578789755,
    "Rhea": 5.8451701176896265,
    "Dione": 1.7569033280801467,
    "Tethys": 3.6642149199390994,
    "Enceladus": 2.004381551003029,
    "Iapetus": 6.044549399143909,
    "Uranus": 1.9647709112676064,
    "Titania": 1.3748815478773846,
    "Oberon": 4.788829769195899,
    "Umbriel": 3.877016306972726,
    "Ariel": 5.677406226227323,
    "Miranda": 1.0407049593151274,
    "Venus": 4.074772449835092
  },
  "stars": [
    {
      "name": "Sun",
      "map": "/images/stars/sunmap.png",
      "bumpMap": "",
      "specMap": "",
      "diameter": 139.2,
      "atmosphere": 0.0075,
      "widthSegments": 128,
      "heightSegments": 128,
      "mass": 1.989,
      "pow": 30,
      "x": 0,
      "y": 0,
      "z": 0,
      "au": 0,
      "color": "#ffc94a",
      "period": 0,
      "tilt": 7.25,
      "spin": 0.002,
      "planets": [
        {
          "name": "Earth",
          "map": "/images/planets/earthmap1k.png",
          "bumpMap": "/images/planets/earthbump1k.png",
          "specMap": "/images/planets/earthspec1k.png",
          "cloudMap": "/images/planets/earthcloudmap.png",
          "alphaMap": "/images/planets/earthcloudmaptrans.png",
          "diameter": 1.2756,
          "atmosphere": 0.0075,
          "widthSegments": 32,
          "heightSegments": 32,
          "mass": 5.97,
          "pow": 24,
          "x": 1496,
          "y": 0,
          "z": 0,
          "au": 1,
          "color": "#4a9eff",
          "period": 365.25,
          "tilt": 23.44,
          "spin": 0.015,
          "eccentricity": 0.0167,
          "inclination": 0,
          "moons": [
            {
              "name": "Moon",
              "map": "/images/moons/moonmap1k.png",
              "bumpMap": "/images/moons/moonbump1k.png",
              "diameter": 0.3474,
              "atmosphere": 0,
              "widthSegments": 32,
              "heightSegments": 32,
              "mass": 7.35,
              "pow": 22,
              "color": "#c0c0c0",
              "period": 27.3,
              "tilt": 6.68,
              "spin": 0.036,
              "eccentricity": 0.0549,
              "inclination": 5.145,
              "resource": "/moons/moon.json"
            }
          ],
          "resource": "/planets/earth.json",
          "orbits": {
            "updateIntervalMs": 80,
            "baseSpeed": 0.00667,
            "speeds": {
              "Moon": 1
            }
          }
        },
        {
          "name": "Jupiter",
          "map": "/images/planets/jupitermap.png",
          "bumpMap": "",
          "diameter": 14.2984,
          "atmosphere": 0.0075,
          "widthSegments": 32,
          "heightSegments": 32,
          "mass": 1898,
          "pow": 24,
          "x": 7784,
          "y": 0,
          "z": 0,
          "au": 5.203,
          "color": "#c8a87a",
          "period": 4333,
          "tilt": 3.13,
          "spin": 0.085,
          "eccentricity": 0.0489,
          "inclination": 1.305,
          "moons": [
            {
              "name": "Io",
              "map": "",
              "bumpMap": "",
              "diameter": 0.364,
              "atmosphere": 0,
              "widthSegments": 32,
              "heightSegments": 32,
              "mass": 8.93,
              "pow": 22,
              "color": "#e8a84a",
              "period": 1.769,
              "tilt": 0.04,
              "spin": 1.769,
              "eccentricity": 0.0041,
              "inclination": 0.05,
              "resource": "/moons/io.json"
            },
            {
              "name": "Europa",
              "map": "",
              "diameter": 0.312,
              "atmosphere": 0,
              "widthSegments": 32,
              "heightSegments": 32,
              "mass": 4.8,
              "pow": 22,
              "color": "#c0d0e0",
              "period": 3.551,
              "tilt": 0.1,
              "spin": 3.551,
              "eccentricity": 0.0094,
              "inclination": 0.47,
              "resource": "/moons/europa.json"
            },
            {
              "name": "Ganymede",
              "map": "",
              "diameter": 0.5268,
              "atmosphere": 0,
              "widthSegments": 32,
              "heightSegments": 32,
              "mass": 1.48,
              "pow": 23,
              "color": "#b0a078",
              "period": 7.155,
              "tilt": 0.2,
              "spin": 7.155,
              "eccentricity": 0.0013,
              "inclination": 0.21,
              "resource": "/moons/ganymede.json"
            },
            {
              "name": "Callisto",
              "map": "",
              "diameter": 0.482,
              "atmosphere": 0,
              "widthSegments": 32,
              "heightSegments": 32,
              "mass": 1.08,
              "pow": 23,
              "color": "#9a8a6a",
              "period": 16.689,
              "tilt": 0.5,
              "spin": 16.689,
              "eccentricity": 0.0074,
              "inclination": 0.28,
              "resource": "/moons/callisto.json"
            }
          ],
          "resource": "/planets/jupiter.json",
          "orbits": {
            "updateIntervalMs": 80,
            "baseSpeed": 0.00667,
            "speeds": {
              "Io": 15.432447710570946,
              "Europa": 7.687975218248381,
              "Ganymede": 3.8155136268343814,
              "Callisto": 1.6358080172568759
            }
          }
        },
        {
          "name": "Mars",
          "map": "/images/planets/marsmap1k.png",
          "bumpMap": "/images/planets/marsbump1k.png",
          "diameter": 0.6792,
          "atmosphere": 0.0075,
          "widthSegments": 32,
          "heightSegments": 32,
          "mass": 0.642,
          "pow": 24,
          "x": 2280,
          "y": 0,
          "z": 0,
          "au": 1.524,
          "color": "#c1440e",
          "period": 687,
          "tilt": 25.19,
          "spin": 0.0145,
          "eccentricity": 0.0934,
          "inclination": 1.851,
          "moons": [
            {
              "name": "Phobos",
              "map": "",
              "bumpMap": "/images/moons/phobosbump.png",
              "diameter": 0.00224,
              "atmosphere": 0,
              "widthSegments": 32,
              "heightSegments": 32,
              "mass": 1.07,
              "pow": 16,
              "color": "#8a7f6d",
              "period": 0.3189,
              "tilt": 0,
              "spin": 0.3189,
              "eccentricity": 0.0151,
              "inclination": 1.093,
              "resource": "/moons/phobos.json"
            },
            {
              "name": "Deimos",
              "map": "",
              "bumpMap": "/images/moons/deimosbump.png",
              "diameter": 0.00124,
              "atmosphere": 0,
              "widthSegments": 32,
              "heightSegments": 32,
              "mass": 1.48,
              "pow": 15,
              "color": "#7a6f5d",
              "period": 1.263,
              "tilt": 0,
              "spin": 1.263,
              "eccentricity": 0.0002,
              "inclination": 1.793,
              "resource": "/moons/deimos.json"
            }
          ],
          "resource": "/planets/mars.json",
          "orbits": {
            "updateIntervalMs": 80,
            "baseSpeed": 0.00667,
            "speeds": {
              "Phobos": 85.60677328316086,