{
  "name": "Jupiter",
  "map": "/images/planets/jupitermap.png",
  "bumpMap": "",
  "diameter": 14.2984,
  "atmosphere": 0.0075,
  "widthSegments": 32,
  "heightSegments": 32,
  "mass": 1898,
  "pow": 24,
  "x": 7784,
  "y": 0,
  "z": 0,
  "au": 5.203,
  "color": "#c8a87a",
  "period": 4333,
  "tilt": 3.13,
  "spin": 0.085,
  "eccentricity": 0.0489,
  "inclination": 1.305,
  "moons": "Metis,/images/moons/metismap.png,0.00042,0,32,32,0.07,15,#b8c0c8,0.294,1.2,0.294,0.001,1.2,1.28;Adrastea,/images/moons/adrasteamap.png,0.00026,0,32,32,0.02,14,#c0c8d0,0.298,0.1,0.298,0.0015,0.1,1.29;Amalthea,/images/moons/amaltheamap.png,0.0084,0,32,32,0.42,18,#d8c8a0,0.498,0.5,0.498,0.003,0.52,1.81;Thebe,/images/moons/thebemap.png,0.0099,0,32,32,0.44,18,#c8b8a0,0.675,1.3,0.675,0.017,1.26,3.11;Io,/images/moons/iomap.png,0.364,0,32,32,8.93,22,#e8a84a,1.769,0.04,1.769,0.0041,0.05,4.218;Europa,/images/moons/europamap.png,0.312,0,32,32,4.80,22,#c0d0e0,3.551,0.1,3.551,0.0094,0.47,6.711;Ganymede,/images/moons/ganymedemap.png,0.5268,0,32,32,1.48,23,#b0a078,7.155,0.2,7.155,0.0013,0.21,10.704;Callisto,/images/moons/callistomap.png,0.482,0,32,32,1.08,23,#9a8a6a,16.689,0.5,16.689,0.0074,0.28,18.827;Themisto,/images/moons/themistomap.png,0.0009,0,32,32,0.08,16,#a8b0c0,1.05,-2.1,1.05,0.34,2.1,7.52;Leda,/images/moons/ledamap.png,0.00022,0,32,32,0.01,14,#b0b8c8,11.08,5.6,11.08,0.15,5.6,11.94;Himalia,/images/moons/himaliamap.png,0.014,0,32,32,0.95,19,#c8d0a8,18.33,0.3,18.33,0.16,0.32,11.48;Lysithea,/images/moons/lysitheamap.png,0.0018,0,32,32,0.07,17,#a8c0b8,25.56,0.2,25.56,0.11,0.23,11.72;Elara,/images/moons/elaramap.png,0.0008,0,32,32,0.02,16,#b8c8b0,26.01,0.2,26.01,0.22,0.19,11.74;Dia,/images/moons/diamap.png,0.0004,0,32,32,0.01,15,#a0b0a8,0.33,-1.8,0.33,0.21,1.8,11.99;Carme,/images/moons/carmemap.png,0.0026,0,32,32,0.18,17,#90a8b8,-0.73,1.6,0.73,0.25,1.58,22.99;Pasiphae,/images/moons/pasiphaemap.png,0.0056,0,32,32,0.42,18,#a0b8c8,-2.21,0.5,2.21,0.38,0.47,23.62;Sinope,/images/moons/sinopemap.png,0.0038,0,32,32,0.24,18,#98a8b0,-2.10,1.8,2.10,0.25,1.79,23.90;Ananke,/images/moons/default.png,0.0001,0,32,32,0.002,12,#a8b0b8,-21.2,148.9,21.2,0.24,148.9,631.0;Praxidike,/images/moons/default.png,0.0001,0,32,32,0.002,12,#b0b8c0,-20.9,144.0,20.9,0.23,144.0,625.0;Harpalyke,/images/moons/default.png,0.0001,0,32,32,0.002,12,#a8c0b8,-21.0,147.0,21.0,0.25,147.0,630.0;Hermippe,/images/moons/default.png,0.0001,0,32,32,0.002,12,#b8c8b0,-21.3,151.0,21.3,0.24,151.0,633.0;Iocaste,/images/moons/default.png,0.0001,0,32,32,0.002,12,#a0b0b8,-23.5,165.0,23.5,0.25,165.0,690.0;Erinome,/images/moons/default.png,0.0001,0,32,32,0.002,12,#b0b8c0,-23.1,164.0,23.1,0.25,164.0,683.0;Euporie,/images/moons/default.png,0.0001,0,32,32,0.002,12,#a8c0a8,-19.3,145.8,19.3,0.22,145.8,550.0;Orthosie,/images/moons/default.png,0.0001,0,32,32,0.002,12,#b8c8b0,-20.7,152.0,20.7,0.23,152.0,622.0;Sponde,/images/moons/default.png,0.0001,0,32,32,0.002,12,#a0b0b8,-24.0,160.0,24.0,0.27,160.0,700.0;Kale,/images/moons/default.png,0.0001,0,32,32,0.002,12,#b0b8c0,-22.5,158.0,22.5,0.26,158.0,680.0;Pasithee,/images/moons/default.png,0.0001,0,32,32,0.002,12,#a8c0b8,-23.0,162.0,23.0,0.26,162.0,685.0;Eirene,/images/moons/default.png,0.0001,0,32,32,0.002,12,#b8c8b0,-23.3,163.0,23.3,0.26,163.0,688.0;Philophrosyne,/images/moons/default.png,0.0001,0,32,32,0.002,12,#a0b0b8,-24.2,167.0,24.2,0.27,167.0,705.0;Aoede,/images/moons/default.png,0.0001,0,32,32,0.002,12,#b0b8c0,-23.8,166.0,23.8,0.26,166.0,700.0;Callirrhoe,/images/moons/default.png,0.0001,0,32,32,0.002,12,#a8c0b8,-24.1,168.0,24.1,0.28,168.0,758.0",
  "rings": [
    {
      "name": "JupiterRings",
      "inner": 85.8,
      "outer": 143.0,
      "thickness": 0.02,
      "color": "#c8b090",
      "particleCount": 800,
      "rotationSpeed": 0.005
    }
  ]
}